PRODUCT,Country,TITLE,BSR,PRICE,Category,Date
B01NA6HKI,FR,Finish All in One Max Detergent Dishwashing Spots Stubborn 45 Tablets,1,EUR 8.90,DISH CARE,8/11/2018 20:44
B00NLD3S5,FR,Finish All in One Max Dishwashing Detergent 100 Tablets,2,EUR 21.85,DISH CARE,8/11/2018 20:44
B010X3EPN,FR,Sun Classic Dishwasher Tablets Standard 60 Washes,3,EUR 6.67,DISH CARE,8/11/2018 20:44
B00NLD3XB,FR,Finish Classic Dishwasher Detergent 90 Tablets,4,EUR 10.35,DISH CARE,8/11/2018 20:44
B01CID50A,FR,Finish All in One Max Dishwashing Detergent 85 Tablets,5,EUR 14.52,DISH CARE,8/11/2018 20:44
B01LW4018,FR,Finish Powerball All in 1 Doypack Dishwasher 45 Pastilles,6,EUR 7.31,DISH CARE,8/11/2018 20:44
B010X3EQT,FR,Sun Dishwasher Tablets All In 1 Standard 56 Washes,7,EUR 16.98,DISH CARE,8/11/2018 20:44
B06XF764Q,FR,Sun Expert Dishwashing Liquid Rinse Shine Boost Regular 450ml,8,EUR 3.99,DISH CARE,8/11/2018 20:44
B00X5LL42,FR,Finish Limescale Dishwasher Protector - Set of 3,9,EUR 10.35,DISH CARE,8/11/2018 20:44
B015S9WAV,FR,Finish Gel All in One Dishwashing Detergent 1 L Set of 2,10,EUR 12.98,DISH CARE,8/11/2018 20:44
B071R74XR,FR,The Green Tree All-in-1 Dishwasher Gel 42 Washes 720 ml,11,EUR 6.56,DISH CARE,8/11/2018 20:44
B01K1P3O5,FR,Finish Quantum Max Dishwashing Detergent 32 Pastilles - Sold by 3,12,EUR 19.23,DISH CARE,8/11/2018 20:44
B00TI69BK,FR,Sun Tablets Dishwasher All In One Expert Extra Shine 120 Washes (Set of 3x40 Washes),13,EUR 26.85,DISH CARE,8/11/2018 20:44
B00CA6KXK,FR,Sun Gel Dishwasher All In 1 Lemon 90 Washes (Lot 2x45 Washes),14,EUR 14.70,DISH CARE,8/11/2018 20:44
B0714KXZZ,FR,Finish Quantum Dishwasher tablets with glass protection & gloss. Lot of 8x18,15,EUR 31.17,DISH CARE,8/11/2018 20:44
B00NLD3XD,FR,Finish All in One Max Dishwashing Detergent Lemon 45 Tablets,16,EUR 8.90,DISH CARE,8/11/2018 20:44
B00763A5K,FR,Sun Professional Dishwasher Deodorizer Lemon Duo Pack - Sold by 2,17,EUR 8.16,DISH CARE,8/11/2018 20:44
B010X3G42,FR,Sun All In 1 Gel Dishwashing Extrafresh 45 Washes,18,EUR 6.39,DISH CARE,8/11/2018 20:44
B07BSRM75,FR,Finish All in One Max Detergent Dishwasher 5x30-150 tablets,19,EUR 32.45,DISH CARE,8/11/2018 20:44
B01CU8D0Y,FR,Sun Gel Dishwasher All In One Expert Extra Power 56 Washes (2x28 Washes Set),20,EUR 13.96,DISH CARE,8/11/2018 20:44
B075JJX5L,FR,Finishing Machine Caring Aid Cleaner Tablets Dishwasher 3 Pack (3 x 3 Pack),21,EUR 12.06,DISH CARE,8/11/2018 20:44
B014170TF,FR,Claro All In One Eco Friendly Tablets for Dishwashers Phosphate Free 70 Piece Economic Package,22,EUR 17.95,DISH CARE,8/11/2018 20:44
B00763A1R,FR,Sun Tablets Dishwasher All In 1 Lemon 45 Washes,23,EUR 11.90,DISH CARE,8/11/2018 20:44
B01CU8086,FR,Sun Dishwashing Washing Powder Classic 1235kg 38 Washes - Set of 2,24,EUR 10.52,DISH CARE,8/11/2018 20:44
B008MT04D,FR,Sun Expert Dishwasher Cleaner 3 Doses,25,EUR 14.80,DISH CARE,8/11/2018 20:44
B072MVH8S,FR,Finish All in One Max Dishwashing Detergent Special Inlaid Fats 45 Tablets,26,EUR 8.42,DISH CARE,8/11/2018 20:44
B00823938,FR,Ecover - Dishwasher tablets XL - 14 kg - 70 tablets,27,EUR 14.70,DISH CARE,8/11/2018 20:44
B01KVL0MR,FR,Sun Classic Rinse Liquid for Dishwashing Triple Action 500ml,28,EUR 3.19,DISH CARE,8/11/2018 20:44
B078FBC4B,FR,SUN All-in-1 Standard Dishwasher Tablets 90 Tablets + 6 Months Wash - Set of 2,29,EUR 30.26,DISH CARE,8/11/2018 20:44
B01MYNK7R,FR,Finish Gel All in One Max Lemon Dishwashing Detergent 1 L,30,EUR 6.80,DISH CARE,8/11/2018 20:44
B07B4WLKT,FR,SUN Dishwasher Tablets All In One Standard 26 Washes - Set of 3,31,EUR 15.72,DISH CARE,8/11/2018 20:44
B00UAFA4L,FR,Finish Set of 3 bottles of rinse aid for dishwashers 3 x 1.15 l,32,EUR 20.50,DISH CARE,8/11/2018 20:44
B01LW44F3,FR,Finish Powerball Quantum Doypack Dishwasher 32 Pastilles,33,EUR 7.32,DISH CARE,8/11/2018 20:44
B007A0LQV,FR,The Green Tree - Dishwasher Tablets while 1-30 Doses,34,EUR 29.90,DISH CARE,8/11/2018 20:44
B07CBLSGL,FR,Sun Dishwasher Tablets All In One Standard 156 Washes (Set of 3x52 Washes),35,EUR 34.80,DISH CARE,8/11/2018 20:44
B01CU8073,FR,Sun Classic Dishwashing Washing Powder 190 Washes (Set of 2x85 Washes),36,EUR 15.98,DISH CARE,8/11/2018 20:44
B004L18ZX,FR,Sun Dishwasher Shelves All In 1 Standard 45 Washes,37,EUR 14.35,DISH CARE,8/11/2018 20:44
B07BZC8B3,FR,Sun Classic Dishwashing Tablets Standard 180 Washes (Set of 3x60 Washes),38,EUR 29.10,DISH CARE,8/11/2018 20:44
B01K1P3NX,FR,Finish All in One Dishwashing Dishwashing Machine - 45 Tablets - Set of 3,39,EUR 58.00,DISH CARE,8/11/2018 20:44
B01KVKRRE,FR,Finish Biphasic Dishwasher Cleaner 250ml,40,EUR 3.30,DISH CARE,8/11/2018 20:44
B01KVKROR,FR,Finish Limescale Dishwasher Protector,41,EUR 3.85,DISH CARE,8/11/2018 20:44
B01LW6DZ5,FR,Sun Expert Expert Dishwashing Cleaner 3 Doses,42,EUR 3.74,DISH CARE,8/11/2018 20:44
B00763A2D,FR,Sun Dishwasher Tablets All In 1 Standard 87 Washes,43,EUR 34.50,DISH CARE,8/11/2018 20:44
B007JV7ZU,FR,Dishwasher anti-limescale disc,44,EUR 12.00,DISH CARE,8/11/2018 20:44
B06X9P137,FR,Sun Classic Tablets Dishwasher Standard 60 Washes,45,EUR 7.30,DISH CARE,8/11/2018 20:44
B00GUEV61,FR,Finish Quantum Dishwasher Pods,46,EUR 14.15,DISH CARE,8/11/2018 20:44
B01C6ZHB9,FR,Sanytol Dishwasher Disinfecting Tablet 24 Tablets - Set of 3,47,EUR 30.46,DISH CARE,8/11/2018 20:44
B074MF8B2,FR,Sun Tablets Dishwasher Classic 40 Pastilles,48,EUR 4.91,DISH CARE,8/11/2018 20:44
B010X3EGS,FR,Sun Classic Dishwashing Tablets Lemon 80 Washes (Set of 2x40 Washes),49,EUR 21.74,DISH CARE,8/11/2018 20:44
B076V9ZXG,FR,Rainett Dishwasher All In One Ecological 50 Tablets - Set of 2,50,EUR 39.99,DISH CARE,8/11/2018 20:44
B00WYR1NH,FR,Sun Classic Dishwashing Tablets 105 Washes,51,EUR 27.48,DISH CARE,8/11/2018 20:44
B07BZC8B3,FR,Sun Tablets Dishwasher All In 1 Lemon 156 Washes (Set of 3x52 Washes),52,EUR 50.79,DISH CARE,8/11/2018 20:44
B075TFVQ7,FR,Finish Dishwashing Machine Cleaner During Cycle - Pack of 4,53,EUR 20.20,DISH CARE,8/11/2018 20:44
B01EV6B9F,FR,Claro Classic XXL - 100 Eco-Friendly Phosphate Free Dishwasher Tablets in Economic Format,54,EUR 16.95,DISH CARE,8/11/2018 20:44
B073V3L27,FR,Finish Power Ball Pack of 100 Dishwashing Tablets Multifunctional All-in-1,55,EUR 16.26,DISH CARE,8/11/2018 20:44
B00P60NGJ,FR,Sun All In 1 Tablets Dishwasher Standard 102 Washes,56,EUR 41.20,DISH CARE,8/11/2018 20:44
B01N25LNW,FR,Finish Quantum Dishwasher tablets with glass protection & gloss.,57,EUR 18.45,DISH CARE,8/11/2018 20:44
B00P60NGJ,FR,Sun Tablets Dishwasher Expert All In 1 Extra Power 114 Washes (Set of 3x38 Washes),58,EUR 56.40,DISH CARE,8/11/2018 20:44
B00584H7X,FR,Finish Multipack Deodorizer and Dishwasher Cleaner,59,EUR 16.16,DISH CARE,8/11/2018 20:44
B074MFNN7,FR,Sun Gel Dishwasher Expert Ultimate Extra Power 28 Washes,60,EUR 6.98,DISH CARE,8/11/2018 20:44
B00VSUCVY,FR,Sun Classic Dishwashing Tablets 84 Washes,61,EUR 28.77,DISH CARE,8/11/2018 20:44
B01N9X9E8,FR,Sun All In 1 Gel Dishwashing Lemon 900ml 45 Washes,62,EUR 7.35,DISH CARE,8/11/2018 20:44
B010X3G3T,FR,Sun Tablets Dishwasher Expert All In 1 Extra Protect 40 Washes,63,EUR 25.60,DISH CARE,8/11/2018 20:44
B07BZ5F6W,FR,Sun Tablets Dishwasher All In One Expert Extra Hygiene 132 Washes (Set of 3x44 Washes),64,EUR 38.63,DISH CARE,8/11/2018 20:44
B01KLJ37H,FR,Finish Classic Dishwashing Detergent 40 Tablets - Set of 3,65,EUR 14.85,DISH CARE,8/11/2018 20:44
B00ICY62N,FR,Rainett Tablets Dishwasher All in 1 Ecological 30 Tablets - Set of 3,66,,DISH CARE,8/11/2018 20:44
B014RDQM6,FR,Claro - PRO BOX 5-in-1 cleaning kit with machine cleaner dishwasher tablets 100% hygiene salt dishwashing and rinsing liquids,67,EUR 32.95,DISH CARE,8/11/2018 20:44
B01MRBUP4,FR,Sun Classic Dishwashing Washing Powder 38 Washes,68,EUR 5.26,DISH CARE,8/11/2018 20:44
B01EFPHRT,FR,Sanytol All-in-1 Dishwashing Disinfectant Tablet 24 Lemons - 3 Pack,69,,DISH CARE,8/11/2018 20:44
B007TKEZ6,FR,Jantex Cf977 liquid rinse dishwasher 5 l,70,EUR 17.47,DISH CARE,8/11/2018 20:44
B073V35SS,FR,Finish Powerball Set of 85 All-in-1 Dishwasher Tablets,71,EUR 14.52,DISH CARE,8/11/2018 20:44
B00CA6L6W,FR,Sun Expert Dishwasher Capsules While 1 Degreaser 33 Doses,72,,DISH CARE,8/11/2018 20:44
B074KL1KS,FR,Fairy Original All In One Capsules for Dishwashers 125 cápsulas,73,EUR 22.25,DISH CARE,8/11/2018 20:44
B00NLD3S1,FR,Finish Dishwashing Liquid Power Rinse and Pure Brilliance and Drying 750 ml - Set of 2,74,EUR 21.79,DISH CARE,8/11/2018 20:44
B074KKMX1,FR,Fairy Platinum Set of 5 sachets of 25 Citron dishwasher capsules,75,EUR 35.10,DISH CARE,8/11/2018 20:44
B078WTD3G,FR,Finish Quantum Dishwasher Platelets Normal 100 pastillas,76,EUR 26.69,DISH CARE,8/11/2018 20:44
B00HWVFN2,FR,ECApros - Dose Dish All in One (30 x 20 g),77,EUR 14.90,DISH CARE,8/11/2018 20:44
B07BYWVLY,FR,Sun Classic Dishwashing Tablets 240 Washes (Set of 6x40 Washes),78,EUR 48.08,DISH CARE,8/11/2018 20:44
B01KVKRTZ,FR,Finish Gel All in 1 for Dishwashers 1000 ml,79,EUR 7.31,DISH CARE,8/11/2018 20:44
B074MHG8R,FR,Sun Expert Dishwasher Gel Extra Shine & Protect 28 Washes,80,EUR 7.33,DISH CARE,8/11/2018 20:44
B01KVL131,FR,Sun Classic Dishwashing Washing Powder 285kg 85 Washes,81,EUR 7.99,DISH CARE,8/11/2018 20:44
B00UAF9OS,FR,Finish Classic Pack of 110 tablets for dishwashers,82,EUR 17.00,DISH CARE,8/11/2018 20:44
B01KORQ2A,FR,Sun All In One Tablets Dishwasher Standard x45,83,,DISH CARE,8/11/2018 20:44
B00EKMGMO,FR,Finishing Powerball Dishwasher Tablets While 1 Lemon 84 Sparkle,84,EUR 13.15,DISH CARE,8/11/2018 20:44
B074L5YXB,FR,Sun Gel Dishwasher All-in-1 Extrafrais 45 Doses,85,EUR 7.30,DISH CARE,8/11/2018 20:44
B078FBX46,FR,SUN All-in-1 Dishwasher Tablets Lemon x 52 Tablets 4 Month Wash - Set of 2,86,EUR 19.56,DISH CARE,8/11/2018 20:44
B01G3I0EW,FR,Finish Quantum Dishwasher tablets with glass protection & gloss.,87,EUR 29.20,DISH CARE,8/11/2018 20:44
B01N5JGIA,FR,Fairy All in One Original Dishwasher Tablets - 176 Tablets (4 x 44 Lot),88,EUR 42.04,DISH CARE,8/11/2018 20:44
B00CA6L7R,FR,Sun Classic Dishwasher Tablets 84 Pastilles,89,EUR 29.50,DISH CARE,8/11/2018 20:44
B01CU8D2Q,FR,Sun Expert Extra Fresh & Clean Dishwasher Gel 28 Washes - Set of 2,90,EUR 14.90,DISH CARE,8/11/2018 20:44
B00CA6KYL,FR,Sun Dishwashing Gel All In 1 900ml 45 Doses - Sold by 2,91,,DISH CARE,8/11/2018 20:44
B01BHMPVF,FR,The Green Tree Classic Dishwasher with Sodium Bicarbonate 30 Doses,92,,DISH CARE,8/11/2018 20:44
B01CU8062,FR,Sun Expert Tablets Dishwasher Extra Fresh & Clean 38 Washes,93,,DISH CARE,8/11/2018 20:44
B079DSK5Z,FR,BIOPURO - Dishwasher detergent gel - Extra Degreaser - Without petrochemicals Biodegradable Hypoallergenic Vegan AIAB - 500 ml,94,EUR 5.71,DISH CARE,8/11/2018 20:44
B01KORQ7R,FR,Sun All In 1 Tablets Dishwasher Standard 87 Washes,95,,DISH CARE,8/11/2018 20:44
B00X5LKVA,FR,Finish Duo Pack of 2 Lemon / Lime Fragrance Dishwashing Deodorizers - Set of 3,96,EUR 28.36,DISH CARE,8/11/2018 20:44
B00TI6998,FR,Sun Dishwasher Deodorizer Neutraliser Set of 3,97,EUR 26.40,DISH CARE,8/11/2018 20:44
B005FFHGX,FR,Etamine Lys Dishwashing Tablets 1 kg,98,EUR 16.90,DISH CARE,8/11/2018 20:44
B017ATCEZ,FR,Miele Cleaning Product for Dishclean Dishwasher 160 g,99,EUR 16.99,DISH CARE,8/11/2018 20:44
B00TI6997,FR,Sun Expert Tablets Dishwasher Degreaser 40 Washes,100,EUR 64.70,DISH CARE,8/11/2018 20:44
B006WVKGF,DE,Finish Machine Cleaner Dishwasher Cleaner 3 Pack (3 x 250 ml),1,EUR 5.85,AIR CARE,8/11/2018 20:44
B01N7VHXO,DE,Finish Quantum Dishwasher Tabs XXL Pack 52 Tabs,2,EUR 9.99,AIR CARE,8/11/2018 20:44
B0714KXZZ,DE,Finish Quantum quarter pack 3 month dishwasher tablets Gigapack 144 tabs,3,EUR 19.99,AIR CARE,8/11/2018 20:44
B01E5K5IZ,DE,Somat 10 All in 1 Extra Sparpack Dishwasher Tabs for special stainless steel shine 90 tabs,4,EUR 14.99,AIR CARE,8/11/2018 20:44
B01G3I0UP,DE,Finish / Calgonit Classic economy pack dishwasher tablets dishwasher dishes dishwasher rinse cleaning 154 tabs,5,EUR 14.99,AIR CARE,8/11/2018 20:44
B001JKE6C,DE,Somat Machine Cleaner 250 ml,6,EUR 1.79,AIR CARE,8/11/2018 20:44
B01N5SL39,DE,Finish Calgonit Quantum Citrus Spülmaschinentabs XXL Pack (1 x 52 Tabs),7,EUR 9.99,AIR CARE,8/11/2018 20:44
B015AFC0I,DE,Somat special salt 1.2 kg,8,EUR 0.95,AIR CARE,8/11/2018 20:44
B00UAFA4L,DE,Finish rinse aid with gloss and glass protection XXL pack (3 x 1150 ml),9,EUR 11.97,AIR CARE,8/11/2018 20:44
B00823938,DE,Ecover Dishwasher Tabs XL Pack (1 x 70 Tabs),10,EUR 12.94,AIR CARE,8/11/2018 20:44
B00HLCSDJ,DE,Finish Spezialsalz 8er Pack (8 x 1.2 kg),11,EUR 13.99,AIR CARE,8/11/2018 20:44
B01N25LNW,DE,Finish Quantum Spülmaschinentabs Megapack 64 Tabs,12,EUR 11.99,AIR CARE,8/11/2018 20:44
B074H5SM9,DE,Finish Special Salt Dishwasher Salt 1 Pack (1 x 4 kg),13,EUR 8.43,AIR CARE,8/11/2018 20:44
B01EV6B9F,DE,claro Eco Classic Tabs - 100 pieces of phosphate-free dishwasher tablets with water-soluble film,14,EUR 14.95,AIR CARE,8/11/2018 20:44
B076PN5WN,DE,Somat Machine Cleaner against grease and limescale pack of 6 (6 x 3 pieces),15,EUR 10.74,AIR CARE,8/11/2018 20:44
B00HLCSDL,DE,Finish Protector for color and gloss protection Dishwasher tablets pack of 1 (1 x 3 pieces),16,EUR 10.35,AIR CARE,8/11/2018 20:44
B07DGGQJX,DE,Finish All in 1 economy pack dishwasher tablets dishwasher dishes dishwasher rinse cleaning 110 tablets,17,EUR 11.99,AIR CARE,8/11/2018 20:44
B00Q8QPOT,DE,Finish Machine Care Citrus 5x Power Dishwasher Cleaner 6 Pack (6 x 250 ml),18,EUR 11.70,AIR CARE,8/11/2018 20:44
B01N7VHH0,DE,Finish Classic Spülmaschinentabs Megapack 110 Tabs,19,EUR 12.05,AIR CARE,8/11/2018 20:44
B01MTCBK4,DE,Finish All in 1 Spülmaschinentabs Megapack 1er Pack (1 x 85 Tabs),20,EUR 11.99,AIR CARE,8/11/2018 20:44
B075JJX5L,DE,Finish Machine Cleaner Dishwashing Tabs 3 Pack (3 x 3 Pieces),21,EUR 8.85,AIR CARE,8/11/2018 20:44
B014170TF,DE,claro Eco Multi Tabs - phosphate-free Everything in 1 eco dishwasher tablets in the economy package 70 pieces pack,22,EUR 15.95,AIR CARE,8/11/2018 20:44
B071ZGKJT,DE,Finish Classic quarter pack 3 month dishwasher tablets Gigapack 192 tabs,23,EUR 19.99,AIR CARE,8/11/2018 20:44
B01N6U88Z,DE,Finish All in 1 Citrus Spülmaschinentabs XXL Pack 63 Tabs,24,EUR 9.79,AIR CARE,8/11/2018 20:44
B00HXDQUU,DE,10 kg (about 500 pieces) dishwasher tablets 12 in 1 in normal foil BRUCHWARE German brand goods suitable for every dishwasher.,25,EUR 27.90,AIR CARE,8/11/2018 20:44
B01G3I0UR,DE,Finish Classic Megapack Dishwasher Tablets Dishwasher Crockery Dishwasher Rinse Clean 100 Tabs,26,EUR 8.88,AIR CARE,8/11/2018 20:44
B01G3I0EW,DE,Finish Quantum Dishwasher Tabs Sparpack 80 Tabs,27,EUR 12.95,AIR CARE,8/11/2018 20:44
B00EK99VN,DE,Calgon 2in1 Tabs water softener against lime & dirt in the washing machine 75 pieces,28,EUR 12.75,AIR CARE,8/11/2018 20:44
B01LZNRPA,DE,Fairy Platinum Dishwasher Tabs (5 x 24 pieces),29,EUR 20.56,AIR CARE,8/11/2018 20:44
B01N6U86L,DE,Finish Classic Spülmaschinentabs XXL Pack 85 Tabs,30,EUR 9.99,AIR CARE,8/11/2018 20:44
B01E5K5IX,DE,Somat Classic: Sparpack with 150 dishwasher tabs with high cleaning power powerful against tea and coffee stains with protection against glass corrosion phosphate-free,31,EUR 29.84,AIR CARE,8/11/2018 20:44
B07BWNJK1,DE,Finish Quantum Dishwasher Tablets XXL 50 + 4 Tablets,32,EUR 9.77,AIR CARE,8/11/2018 20:44
B0725XMG4,DE,Finish all in 1 quarter pack 3 month dishwasher tablets Gigapack 182 tabs,33,,AIR CARE,8/11/2018 20:44
B07C9BJCZ,DE,Somat Tabs 12 Gold 2er Pack (2 x 1.616 kg),34,EUR 29.98,AIR CARE,8/11/2018 20:44
B078HM4MY,DE,Finish Quantum Dishwasher tablets Smartpack Trial size 10 tabs,35,EUR 1.99,AIR CARE,8/11/2018 20:44
B01N25M2A,DE,Finish All in 1 Plus Spülmaschinentabs XXL Pack (1 x 60 Tabs),36,EUR 7.87,AIR CARE,8/11/2018 20:44
B01NBY1JS,DE,Finish All in 1 Plus Spülmaschinentabs Megapack 1er Pack (1 x 72 Tabs),37,EUR 11.99,AIR CARE,8/11/2018 20:44
B00HLCSDL,DE,Finish rinse aid with gloss and glass protection XL pack (7 x 750 ml),38,EUR 6.99,AIR CARE,8/11/2018 20:44
B00UAFA47,DE,Finish Classic Cleaner Powder Dishwashing Powder (5 x 1.5 kg),39,EUR 17.95,AIR CARE,8/11/2018 20:44
B013GBHIC,DE,Finish Dishwasher Deodorant Citrus & Lime 1 piece,40,EUR 1.65,AIR CARE,8/11/2018 20:44
B012FIFCJ,DE,Finish Machine Care 5x Power Dishwasher Cleaner Economy Pack 2 Pack (2 x 250 ml),41,EUR 8.30,AIR CARE,8/11/2018 20:44
B01N5SKZP,DE,Finish All in 1 Spülmaschinentabs XXL Pack (1 x 63 Tabs),42,EUR 9.99,AIR CARE,8/11/2018 20:44
B074MBM3P,DE,Somat Tabs 10 All in 1 Extra 1er Pack (1 x 1.062 kg),43,EUR 8.45,AIR CARE,8/11/2018 20:44
B074MBSY7,DE,Somat Tabs Classic 1.488 kg,44,EUR 11.23,AIR CARE,8/11/2018 20:44
B00GX3XAU,DE,Finish Classic Power Geschirrreiniger Gel 4er Pack (4 x 15 l),45,EUR 23.96,AIR CARE,8/11/2018 20:44
B06XFVP2Y,DE,Finish Quantum 110 Regular-Spülmaschinentabs-1800 g.,46,EUR 14.66,AIR CARE,8/11/2018 20:44
B00GX3XD7,DE,Finish Spülmaschinendeo odor stop pack of 5 (5 x 1 piece),47,EUR 9.95,AIR CARE,8/11/2018 20:44
B06XV6P97,DE,Ecover All-In-One Dishwasher Lemon Tabs 440 g,48,EUR 6.49,AIR CARE,8/11/2018 20:44
B07BWFG4P,DE,Finish Quantum Citrus Dishwasher tablets XXL 50 + 4,49,EUR 8.99,AIR CARE,8/11/2018 20:44
B076BT5RP,DE,Somat Tabs Gold Sparpack 80 pieces,50,EUR 14.99,AIR CARE,8/11/2018 20:44
B00R6AEXF,DE,Finish Machine Care Powder Dishwasher Cleaner 2 Pack,51,EUR 3.90,AIR CARE,8/11/2018 20:44
B01N0XFQ1,DE,Finish Dishwasher Deodorant Citrus and Lime pack of 5 (5 x 2 pieces),52,EUR 15.75,AIR CARE,8/11/2018 20:44
B00HXD250,DE,10 kg (500 pieces) Dishwasher tablets All in One German branded goods suitable for every dishwasher,53,EUR 27.90,AIR CARE,8/11/2018 20:44
B01CSLQET,DE,Finish rinse aid with gloss and glass protection XXL pack 1150 ml,54,EUR 3.99,AIR CARE,8/11/2018 20:44
B07D9WJ7B,DE,Finish starter set with 5 items for dishwasher Quantum dishwasher tablets and various additives,55,EUR 24.75,AIR CARE,8/11/2018 20:44
B00Q8QHEA,DE,Finish Classic Cleaner Powder Dishwashing Powder 3 Pack (3 x 3 kg),56,EUR 25.95,AIR CARE,8/11/2018 20:44
B079NVN63,DE,Somat Tabs Classic economy pack dishwasher tablets strong against tea and coffee stains 150 pieces,57,EUR 14.99,AIR CARE,8/11/2018 20:44
B01DZUB5Q,DE,Somat Deo Duo-Perls Odor Stop pack of 8 (8 x 1 piece),58,EUR 14.34,AIR CARE,8/11/2018 20:44
B01DPRWNP,DE,Somat Tabs Classic XXL 1er Pack (1 x 80 Tabs),59,EUR 18.36,AIR CARE,8/11/2018 20:44
B01NB1RTM,DE,Finish All in 1 Citrus Spülmaschinentabs XXL Pack 63 Tabs,60,EUR 9.79,AIR CARE,8/11/2018 20:44
B01E5K5IL,DE,Somat 7 All in 1: Sparpack with 110 dishwasher tabs for a powerful cleaning incl. Special salt and rinse aid with machine care function phosphate-free,61,EUR 29.85,AIR CARE,8/11/2018 20:44
B07D6ZBVG,DE,Somat 10 All in 1 Extra Sparpack Dishwasher Tabs for special stainless steel shine 90 tabs,62,EUR 14.99,AIR CARE,8/11/2018 20:44
B01N672EX,DE,claro dishwasher salt 5kg (5x1kg),63,EUR 17.95,AIR CARE,8/11/2018 20:44
B00VU32J7,DE,Finish Quantum Citrus Spülmaschinentabs Smartpack 22 Tabs,64,EUR 4.99,AIR CARE,8/11/2018 20:44
B06XFX513,DE,Finish All in One Max 110 Lemon – 1800 g,65,EUR 14.84,AIR CARE,8/11/2018 20:44
B01E01VN7,DE,Somat 10 All in 1 Extra: XXL Pack of 54 dishwasher tabs for extra powerful cleaning with stainless steel shine function active from 40 ° C phosphate-free,66,EUR 11.68,AIR CARE,8/11/2018 20:44
B013GBGT3,DE,Finish Classic Cleaner Powder Dishwashing Powder 1 Pack (1 x 1.5 kg),67,EUR 4.25,AIR CARE,8/11/2018 20:44
B01NC38WH,DE,Finish Quantum Spülmaschinentabs Megapack 64 Tabs,68,EUR 11.99,AIR CARE,8/11/2018 20:44
B01NC33MP,DE,Finish Classic Spülmaschinentabs XXL Pack 85 Tabs,69,EUR 9.99,AIR CARE,8/11/2018 20:44
B01G3I0FO,DE,Finish All in 1 dishwasher tablets economy pack 110 tabs,70,EUR 21.86,AIR CARE,8/11/2018 20:44
B074MB9B2,DE,Somat Tabs 12 Gold 1.06 kg,71,EUR 11.23,AIR CARE,8/11/2018 20:44
B00HXDJAY,DE,10 kg (about 500 pieces) Spülmaschinentabs 12 in 1 in water-soluble film BRUCHWARE German brand product suitable for every dishwasher.,72,EUR 37.99,AIR CARE,8/11/2018 20:44
B07BQFHKV,DE,Somat Tabs 10 All in 1 Extra Zitrone & Limette 3er Pack (3 x 1.062 kg),73,,AIR CARE,8/11/2018 20:44
B00Z6H2JB,DE,10kg dishwasher tabs break / reject tabs 12in1 approximately 500 flushes,74,EUR 24.90,AIR CARE,8/11/2018 20:44
B00HXEKDS,DE,10 kg (about 500 pieces) dishwasher tablets 12 in 1 in normal foil A-Ware German brand product suitable for every dishwasher.,75,EUR 28.90,AIR CARE,8/11/2018 20:44
B0756FNXB,DE,Somat Tabs 12 Gold Lemon and Lime 1.06 kg,76,EUR 8.45,AIR CARE,8/11/2018 20:44
B01G3I0MG,DE,Finish All in 1 Spülmaschinentabs Smartpack 1er Pack (1 x 30 Tabs),77,EUR 4.99,AIR CARE,8/11/2018 20:44
B07F3KNYJ,DE,Somat Power Caps Multi-Active with filter protection 2-pack (2 x 53 pieces),78,EUR 22.83,AIR CARE,8/11/2018 20:44
B00NXR6E8,DE,Fit Green Power Classic 72 tabs dishwasher tablets,79,EUR 15.79,AIR CARE,8/11/2018 20:44
B07BQFHNZ,DE,Somat Tabs 12 Gold 7er Pack (7 x 444 g),80,EUR 39.62,AIR CARE,8/11/2018 20:44
B07DGL9MN,DE,Finish Quantum Citrus XXL Pack Dishwasher Tablets Dishwasher Utensils Dishwasher Rinse Dry Cleaner 50 Tablets,81,EUR 9.99,AIR CARE,8/11/2018 20:44
B079NVR6Z,DE,Somat 7 All in 1 economy pack dishwasher tablets with extra machine care 110 pieces 1980 g,82,EUR 14.99,AIR CARE,8/11/2018 20:44
B00HXAZTU,DE,10 kg (about 500 pieces) Dishwasher tabs 12 in 1 All in One B-Ware German branded goods suitable for every dishwasher Geschirrspültabs Spültabs,83,EUR 27.90,AIR CARE,8/11/2018 20:44
B00ID78Z9,DE,Somat Multi Gel XL 44 Tabs 1er Pack (1 x 44 Tabs),84,EUR 9.90,AIR CARE,8/11/2018 20:44
B006MHPUN,DE,Calgonit Finish Everything in 1 Dishwasher Tabs 29 Tabs,85,EUR 4.57,AIR CARE,8/11/2018 20:44
B0788M5VV,DE,Miele washing up liquid Ultra Tabs Power 4 x 20 pcs.,86,EUR 21.90,AIR CARE,8/11/2018 20:44
B07D6WM4T,DE,Somat machine cleaner against grease and lime 3 pieces,87,EUR 11.75,AIR CARE,8/11/2018 20:44
B077H8F1G,DE,approx. 500 dishwasher tablets 7in1 in water-soluble film broken goods 9 kg German branded goods suitable for every dishwasher.,88,EUR 33.99,AIR CARE,8/11/2018 20:44
B01ID2CXT,DE,Finish Classic Spülmaschinentabs Smartpack 40 Tabs,89,EUR 4.75,AIR CARE,8/11/2018 20:44
B00SFHT3C,DE,Finish Quantum with gloss and glass protection dishwasher tablets 45 tabs,90,,AIR CARE,8/11/2018 20:44
B01DZUB70,DE,Somat Deo Duo-Perls Lemon and Orange pack of 8 (8 x 1 piece),91,EUR 14.00,AIR CARE,8/11/2018 20:44
B0727ZG9M,DE,Miele 10528500 dishwasher cleaner powder,92,EUR 12.60 - EUR 23.32,AIR CARE,8/11/2018 20:44
B07B9BCVB,DE,W5 Spülmaschinentabs All-in-One - 40 Pack,93,EUR 8.50,AIR CARE,8/11/2018 20:44
B01M0ADBA,DE,Fairy Platinum All in One Spülmaschinen-Tabs (75 Lemon),94,EUR 17.45,AIR CARE,8/11/2018 20:44
B00I83ZJH,DE,200 x dishwasher tabs 12 in 1 in water-soluble film BRUCHWARE German brand product suitable for every dishwasher dishwasher tablets dishwasher tablets,95,EUR 18.99,AIR CARE,8/11/2018 20:44
B01G3I0MP,DE,Finish All in 1 Plus Dishwasher Tablets Economy Pack 1 Pack (1 x 100 Tabs),96,EUR 32.94,AIR CARE,8/11/2018 20:44
B012FIEXH,DE,Finish Protector for color and gloss protection Dishwasher tablets 1 piece (1 x 2 pieces),97,EUR 9.20,AIR CARE,8/11/2018 20:44
B07DGMXT4,DE,Finish Classic Dishwasher Tablets XXL Pack Dishwasher Crockery Dishwasher Rinse Dry Cleaner 82 Tablets,98,EUR 7.99,AIR CARE,8/11/2018 20:44
B01BOM22T,DE,Finish Calgonit Quantum cleaner with gloss and glass protection 176 dishwasher tabs 8 pack,99,EUR 62.65,AIR CARE,8/11/2018 20:44
B01G3I0US,DE,Finish Classic Spülmaschinentabs Smartpack 40 Tabs,100,EUR 4.75,AIR CARE,8/11/2018 20:44
B07G9JDD2,US,Fresh Scent Platinum Dishwasher Detergent 92 Auction Pacs,1,$16.46 - $57.99,DISH CARE,8/11/2018 20:44
B01NGTV4J,US,Cascade Platinum ActionPacs Dishwasher Detergent Fresh 62 count (Packaging May Vary),2,$13.99 ,DISH CARE,8/11/2018 20:44
B06XX33G8,US,Finish - All in 1-94ct - Dishwasher Detergent - Powerball - Dishwashing Tablets - Dish Tabs - Fresh Scent (Packaging May Vary),3,$14.92 ,DISH CARE,8/11/2018 20:44
B075G629W,US,Finish - Quantum - 68ct - Dishwasher Detergent - Powerball - Ultimate Clean & Shine - Dishwashing Tablets - Dish Tabs,4,$14.29 ,DISH CARE,8/11/2018 20:44
B07CTQ8TH,US,Cascade Platinum Plus Dishwasher Detergent Actionpacs Lemon 70 Count,5,$19.99 ,DISH CARE,8/11/2018 20:44
B0080L99G,US,Ecover Automatic Dishwasher Soap Tablets Zero (Fragrance-Free) 25 Count,6,$5.99 ,DISH CARE,8/11/2018 20:44
B00KVMVCS,US,Cascade ActionPacs Dishwasher Detergent Fresh Scent 105 Count (Packaging may vary),7,$17.26 ,DISH CARE,8/11/2018 20:44
B001FA1NT,US,Seventh Generation Dish Liquid Soap Free & Clear 25 oz Pack of 6 (Packaging May Vary),8,$17.70 ,DISH CARE,8/11/2018 20:44
B00GLXKDP,US,Finish - All in 1-85ct - Dishwasher Detergent - Powerball - Dishwashing Tablets - Dish Tabs,9,$13.47 ,DISH CARE,8/11/2018 20:44
B00KWLKQ3,US,Babyganics Foaming Dish and Bottle Soap Refill Fragrance Free 32oz Bottle (Pack of 2),10,$14.44 ,DISH CARE,8/11/2018 20:44
B01FHUJ1F,US,Seventh Generation Dishwasher Detergent Packs Free & Clear 90 count,11,$19.98 ,DISH CARE,8/11/2018 20:44
B00IXP9U2,US,Cascade Complete Gel Dishwasher Detergent Citrus Breeze 75 oz (Packaging May Vary),12,$5.97 ,DISH CARE,8/11/2018 20:44
B00FSCB3P,US,Babyganics Foaming Dish and Bottle Soap Fragrance Free 16oz Pump Bottle (Pack of 3),13,$14.09 ,DISH CARE,8/11/2018 20:44
B00IJGCGG,US,Cascade ActionPacs Dishwasher Detergent Fresh Scent 60 Count (Pack May Vary),14,$10.99 ,DISH CARE,8/11/2018 20:44
B07CVWG5L,US,Finish Quantum Dishwasher Detergent Tabs Ultimate Clean & Shine 82 Count,15,$16.49 ,DISH CARE,8/11/2018 20:44
B007Z48F5,US,Finish Hard Water Booster Powder Lemon Sparkle 14oz,16,$5.97 ,DISH CARE,8/11/2018 20:44
B010OVNPE,US,Finish Dual Action Dishwasher Cleaner: Fight Grease & Limescale Fresh 8.45oz,17,$3.79 ,DISH CARE,8/11/2018 20:44
B00MFPZJZ,US,Ecover Automatic Dishwasher Soap Tablets Citrus 45 Count,18,$10.39 ,DISH CARE,8/11/2018 20:44
B077BJFN4,US,Lemi Shine Booster Dishwasher Detergent Additive 3-Pack 12 oz ea. Eliminates Tough Hard Water Stains on Dishes & Glassware Safe Natural,19,$19.56 ,DISH CARE,8/11/2018 20:44
B000C4A0J,US,Seventh Generation Dishwasher Detergent Gel Free & Clear 42 oz (Pack of 6),20,$29.40 ,DISH CARE,8/11/2018 20:44
B00649AZE,US,Grab Green Natural Automatic Dishwashing Detergent Pods Fragrance Free 60 Loads,21,$15.20 ,DISH CARE,8/11/2018 20:44
B008DVY1T,US,Method Smarty Dish Plus Dishwasher Detergent Packs Lemon Mint 45 Count,22,$10.17 ,DISH CARE,8/11/2018 20:44
B000C4AZ8,US,Seventh Generation Dishwasher Detergent Gel Lemon Scent 42 oz (Pack of 6),23,$35.16 ,DISH CARE,8/11/2018 20:44
B00N0JPXW,US,Miele Dishwasher Tabs - 60 per box,24,$28.95 - $59.98,DISH CARE,8/11/2018 20:44
B01N9OIG8,US,Cascade Platinum ActionPacs Dishwasher Detergent Fresh 36 Count (Packaging May Vary),25,$10.99 ,DISH CARE,8/11/2018 20:44
B00UASJOA,US,Oxiclean Dishwashing Booster 18.4 Ounce,26,$5.70 ,DISH CARE,8/11/2018 20:44
B001PRPZH,US,Finish - All in 1-32ct - Dishwasher Detergent - Powerball - Dishwashing Tablets - Dish Tabs,27,$5.47 ,DISH CARE,8/11/2018 20:44
B07G7YZSM,US,Pinky Cleaner,28,$4.38 - $61.51,DISH CARE,8/11/2018 20:44
B0085CJ1L,US,Finish All in 1 Gelpacs Orange 84ct Dishwasher Detergent Tablets,29,$17.99 ,DISH CARE,8/11/2018 20:44
B00JR3LQY,US,Dapple Baby Bottle & Dish Liquid - Fragrance Free - 16.9 oz - 2 pk,30,$15.88 ,DISH CARE,8/11/2018 20:44
B01MECSGO,US,Seventh Generation Dishwasher Detergent Packs Fragrance Free 73 count,31,$16.99 ,DISH CARE,8/11/2018 20:44
B001FA1NV,US,Seventh Generation Dish Liquid Soap Clementine Zest & Lemongrass Scent 25 oz Pack of 6 (Packaging May Vary),32,$17.70 ,DISH CARE,8/11/2018 20:44
B07DXPSF8,US,Puracy Natural Dishwasher Detergent Packs Enzyme-Powered Auto Dish Tabs Free & Clear 50 Count,33,$14.99 ,DISH CARE,8/11/2018 20:44
B079JHT4F,US,Dawn Pure Essentials Dishwashing Liquid Dish Soap Lemon Essence 16.2 oz,34,$2.44 ,DISH CARE,8/11/2018 20:44
B00IJGC3F,US,Cascade Complete Powder Dishwasher Detergent Fresh Scent 75 Oz,35,$5.97 ,DISH CARE,8/11/2018 20:44
B06XXDBVC,US,Finish - Max in 1-82ct - Dishwasher Detergent - Powerball - Dishwashing Tablets - Dish Tabs,36,$21.85 ,DISH CARE,8/11/2018 20:44
B00SHMFNG,US,Finish - Max in 1-63ct - Dishwasher Detergent - Powerball - Dishwashing Tablets - Dish Tabs,37,$13.99 ,DISH CARE,8/11/2018 20:44
B01M8LHHU,US,Mrs. Meyer's Clean Day Automatic Dish Packs Lemon Verbena 20 ct 3 un,38,$23.97 ,DISH CARE,8/11/2018 20:44
B06ZYJBBW,US,Method Power Dish Dishwasher Soap Packs Free + Clear 45 Load,39,$10.99 ,DISH CARE,8/11/2018 20:44
B00IJGC6F,US,Cascade Complete Gel Dishwasher Detergent Fresh 75 oz (Packaging May Vary),40,$5.97 ,DISH CARE,8/11/2018 20:44
B004YIXB3,US,ECOS Dishmate Dish Liquid Free and Clear 25 oz. (Pack of 2),41,$4.76 ,DISH CARE,8/11/2018 20:44
B01M61VG3,US,Seventh Generation Ultra Power Plus Dishwasher Detergent Packs Fresh Citrus Scent 70 count,42,$16.99 ,DISH CARE,8/11/2018 20:44
B00KICP4V,US,Grab Green Natural Automatic Dishwashing Detergent Powder Fragrance Free 80 Loads,43,$17.50 ,DISH CARE,8/11/2018 20:44
B07DNH642,US,Scotch-Brite Heavy Duty Dishwand Refill 2-Refills,44,$1.10 - $45.00,DISH CARE,8/11/2018 20:44
B00T0JVAV,US,Seventh Generation Ultra Power Plus Dish Liquid Soap Fresh Citrus Scent 22 oz Pack of 6 (Packaging May Vary),45,$23.04 ,DISH CARE,8/11/2018 20:44
B00TP29C0,US,Finish - Max in 1-43ct - Dishwasher Detergent - Powerball - Dishwashing Tablets - Dish Tabs,46,$9.49 ,DISH CARE,8/11/2018 20:44
B00GJ0FHT,US,Miele Care Collection Dishwasher Rinse Aid,47,$10.95 - $32.28,DISH CARE,8/11/2018 20:44
B075G627T,US,Finish - Quantum - 36ct - Dishwasher Detergent - Powerball - Ultimate Clean & Shine - Dishwashing Tablets - Dish Tabs,48,$10.24 ,DISH CARE,8/11/2018 20:44
B004325B9,US,Earth Friendly Products Dishmate Dishwashing Liquid Natural Almond 25 Ounce (Pack of 3),49,$8.97 ,DISH CARE,8/11/2018 20:44
B011O2RSK,US,Finish All in 1 Powerball Fresh 85ct Dishwasher Detergent Tablets,50,$13.49 ,DISH CARE,8/11/2018 20:44
B00LUYAHG,US,Miele Dishwasher Tabs (120 Tabs),51,,DISH CARE,8/11/2018 20:44
B0004JKJS,US,Seventh Generation Free and Clear Dishwasher Detergent Gel 42 Fluid ounce,52,$10.99 ,DISH CARE,8/11/2018 20:44
B06XWT6NR,US,Finish Max in 1 Powerball 67ct Wrapper Free Dishwasher Detergent Tablets,53,$9.95 ,DISH CARE,8/11/2018 20:44
B00649AZY,US,Grab Green Natural Automatic Dishwashing Detergent Pods Red Pear with Magnolia 60 Loads,54,$14.21 ,DISH CARE,8/11/2018 20:44
B01AAQCRE,US,Method Dish Soap Honeycrisp Apple 18 Ounce (6 Count),55,$17.94 ,DISH CARE,8/11/2018 20:44
B00UEIZQ5,US,Seventh Generation Dish Liquid Soap Lavender & Lime Scent 25 oz Pack of 6 (Packaging May Vary),56,$31.09 ,DISH CARE,8/11/2018 20:44
B00KY3PID,US,Babyganics Foaming Dish and Bottle Soap Refill Citrus 32oz Bottle (Pack of 2),57,$14.44 ,DISH CARE,8/11/2018 20:44
B00MY3A8Y,US,Seventh Generation Dishwasher Detergent Packs Free & Clear 45 count,58,$9.99 ,DISH CARE,8/11/2018 20:44
B06Y5HZW2,US,4.4 LB Dishwasher Salt / Water Softener Salt - Compatible with Bosch Miele Whirlpool Thermador and More (2 KG),59,$14.99 ,DISH CARE,8/11/2018 20:44
B00QIVDNP,US,Finish Quantum Max Powerball 64ct Dishwasher Detergent Tablets Ultimate Clean & Shine,60,$31.51 ,DISH CARE,8/11/2018 20:44
B000H937J,US,Palmolive Eco Gel Dishwasher Detergent Lemon Splash - 45 ounce (3 Pack),61,$29.10 ,DISH CARE,8/11/2018 20:44
B071WSSMH,US,Finish Max in 1 Plus Dishwasher Detergent 110-Count Easy to use Wrapper Free Powerball Tabs in Convenient Mess Free 4 Lb Snap Top Plastic Tub Fresh Scent,62,$17.22 ,DISH CARE,8/11/2018 20:44
B0792PKJV,US,Cascade Platinum ActionPacs Dishwasher Detergent Fresh Scent 90 ct Tub Refill Bags,63,$29.85 ,DISH CARE,8/11/2018 20:44
B01N5MATD,US,Cascade Platinum ActionPacs Dishwasher Detergent Lemon 36 Count (Packaging May Vary),64,$10.49 ,DISH CARE,8/11/2018 20:44
B00IJGC96,US,Cascade Gel Dishwasher Detergent Fresh Scent 75 Oz,65,$7.05 ,DISH CARE,8/11/2018 20:44
B01MRBRG4,US,Cascade Platinum ActionPacs Dishwasher Detergent with the Power of Clorox Fresh 44 count (Packaging May Vary),66,$17.99 ,DISH CARE,8/11/2018 20:44
B002SJ1Z9,US,Cascade Complete Detergent Fresh 125 Fluid Ounce,67,$12.47 ,DISH CARE,8/11/2018 20:44
B01MZFF09,US,Cascade Complete Gel Dishwasher Detergent Fresh Scent 45 Ounces,68,$12.99 ,DISH CARE,8/11/2018 20:44
B00O7Y9DG,US,Cascade Platinum ActionPacs Dishwasher Detergent Fresh Scent 64 Count -Old version,69,$24.97 ,DISH CARE,8/11/2018 20:44
B00LLPEPA,US,Cascade Complete Powder Dishwasher Detergent Fresh Scent 125 Oz,70,$12.77 ,DISH CARE,8/11/2018 20:44
B00YMS4O6,US,Finish All in 1 Gelpacs Orange 84ct Dishwasher Detergent Tablets,71,$13.47 ,DISH CARE,8/11/2018 20:44
B003ZD10R,US,Method Dish Soap Clementine 18 Ounce (Pack 6),72,$17.94 ,DISH CARE,8/11/2018 20:44
B000YE24T,US,Ecover Automatic Dishwasher Soap Tablets Citrus 25 Count,73,$4.96 ,DISH CARE,8/11/2018 20:44
B073H9Q9J,US,Finish Quantum Max Fresh Automatic Dishwasher Detergent Tabs Mega Value Pack (100 Tablets),74,$28.28 ,DISH CARE,8/11/2018 20:44
B01MSHGV9,US,Ajax Dishwashing Liquid Super Degreaser Lemon,75,$3.99 - $44.31,DISH CARE,8/11/2018 20:44
B00STFUH0,US,Finish Quantum Max Powerball 64ct Dishwasher Detergent Tablets Ultimate Clean & Shine,76,$17.11 ,DISH CARE,8/11/2018 20:44
B07DYHT1D,US,Miele Dishwasher Tabs - 60 tabs (20 per box X 3) Import,77,$28.00 ,DISH CARE,8/11/2018 20:44
B00DIDBB4,US,Joy Ultra Dishwashing Liquid Lemon Scent 12.6 oz-3 pk,78,$10.50 ,DISH CARE,8/11/2018 20:44
B008DVY1S,US,Method Smarty Dish Plus Dishwasher Detergent Packs Fragrance Free 45 Count,79,$12.48 ,DISH CARE,8/11/2018 20:44
B00GEZ9V3,US,Cascade Advanced Power liquid machine dishwasher detergent with Dawn 125-fl. oz plastic bottle (125 fl oz),80,$13.58 ,DISH CARE,8/11/2018 20:44
B00R6225Y,US,DAPPLE Baby Bottle and Dish Liquid Fragrance Free Liquid Soap Baby Dish Soap Baby Dish Liquid Bottle and Dish Liquid Cleaner Plant-Based Formula 16.9 Fluid Ounces,81,$4.96 ,DISH CARE,8/11/2018 20:44
B01FHUJ1Z,US,Seventh Generation Ultra Power Plus Dishwasher Detergent Packs Fresh Citrus Scent 86 count,82,$21.98 ,DISH CARE,8/11/2018 20:44
B00J5HGI6,US,Seventh Generation Auto Dish Gel - 42 oz - Free & Clear - 2 pk,83,$21.53 ,DISH CARE,8/11/2018 20:44
B01N6NPUO,US,Cascade Complete Dishwasher Detergent Fresh Scent 43 Count,84,$10.99 ,DISH CARE,8/11/2018 20:44
B001J6O67,US,Finish Jet-Dry Rinse Aid 8.45oz Dishwasher Rinse Agent & Drying Agent (4X8.45oz),85,$15.16 ,DISH CARE,8/11/2018 20:44
B004YIXAV,US,ECOS Dishmate Dish Liquid Almond 25 oz. (Pack of 2),86,$10.09 ,DISH CARE,8/11/2018 20:44
B002XDQIX,US,J.R. Watkins Liquid Dish Soap Lemon 24 ounce (Pack of 6),87,$23.94 ,DISH CARE,8/11/2018 20:44
B01BL9RVK,US,Kirkland Signature Easy to Use Streak Free Premium Dishwasher Pacs Automatic Dishwasher Detergent,88,$20.74 ,DISH CARE,8/11/2018 20:44
B00O2AXUD,US,Finish Hard Water Booster Powder Lemon Sparkle 14oz,89,$5.97 ,DISH CARE,8/11/2018 20:44
B003V808Z,US,Seventh Generation Free and Clear Autodish Pack 20 Count,90,$7.02 ,DISH CARE,8/11/2018 20:44
B0071OUD8,US,Lemi Shine 12 Oz Dishwasher Detergent Booster Removes the Toughest Hard Water Stains on Dishes & Glassware Safe Natural Powerfully Effective,91,$8.09 ,DISH CARE,8/11/2018 20:44
B01A0XE1Q,US,Method - Dish Soap Refill Sea Minerals,92,$5.42 - $60.32,DISH CARE,8/11/2018 20:44
B00OKD4RP,US,Method Dish Soap Refill Lemon Mint 36 Ounce (6 Count),93,$46.96 ,DISH CARE,8/11/2018 20:44
B002ODC2D,US,Finish All in 1 Gelpacs Orange 32ct Dishwasher Detergent Tablets,94,$7.62 ,DISH CARE,8/11/2018 20:44
B01MG2IJ1,US,Mrs. Meyer's Clean Day Automatic Dish Packs Lavender 20 ct 3 un,95,$22.14 ,DISH CARE,8/11/2018 20:44
B01KHD34L,US,Seventh Generation Ultra Power Plus Dishwasher Detergent Gel Fresh Citrus Scent 65 oz,96,$6.49 ,DISH CARE,8/11/2018 20:44
B00HBBX9Z,US,IF YOU CARE Automatic Dishwasher Tablets 40 Count,97,$10.43 ,DISH CARE,8/11/2018 20:44
B001J6O60,US,Ecover Automatic Dishwasher Soap Tablets Citrus 25 Count 6 Pack,98,$29.70 ,DISH CARE,8/11/2018 20:44
B00J5HGFL,US,Seventh Generation Auto Dish Powder - Free & Clear - 75 oz - 2 pk,99,$25.23 ,DISH CARE,8/11/2018 20:44
B00BMDALB,US,Method Dish Soap Pink Grapefruit 18 Ounce (6 Count),100,$17.94 ,DISH CARE,8/11/2018 20:44
B01NA6HKI,FR,Finish All in One Max Detergent Dishwashing Spots Stubborn 45 Tablets,1,EUR 8.90,DISH CARE,2018-08-11 20:54
B00NLD3S5,FR,Finish All in One Max Dishwashing Detergent 100 Tablets,2,EUR 21.85,DISH CARE,2018-08-11 20:54
B010X3EPN,FR,Sun Classic Dishwasher Tablets Standard 60 Washes,3,EUR 6.67,DISH CARE,2018-08-11 20:54
B00NLD3XB,FR,Finish Classic Dishwasher Detergent 90 Tablets,4,EUR 10.35,DISH CARE,2018-08-11 20:54
B01CID50A,FR,Finish All in One Max Dishwashing Detergent 85 Tablets,5,EUR 14.52,DISH CARE,2018-08-11 20:54
B01LW4018,FR,Finish Powerball All in 1 Doypack Dishwasher 45 Pastilles,6,EUR 7.31,DISH CARE,2018-08-11 20:54
B010X3EQT,FR,Sun Dishwasher Tablets All In 1 Standard 56 Washes,7,EUR 16.98,DISH CARE,2018-08-11 20:54
B06XF764Q,FR,Sun Expert Dishwashing Liquid Rinse Shine Boost Regular 450ml,8,EUR 3.99,DISH CARE,2018-08-11 20:54
B00X5LL42,FR,Finish Limescale Dishwasher Protector - Set of 3,9,EUR 10.35,DISH CARE,2018-08-11 20:54
B015S9WAV,FR,Finish Gel All in One Dishwashing Detergent 1 L Set of 2,10,EUR 12.98,DISH CARE,2018-08-11 20:54
B071R74XR,FR,The Green Tree All-in-1 Dishwasher Gel 42 Washes 720 ml,11,EUR 6.56,DISH CARE,2018-08-11 20:54
B01K1P3O5,FR,Finish Quantum Max Dishwashing Detergent 32 Pastilles - Sold by 3,12,EUR 19.23,DISH CARE,2018-08-11 20:54
B00TI69BK,FR,Sun Tablets Dishwasher All In One Expert Extra Shine 120 Washes (Set of 3x40 Washes),13,EUR 26.85,DISH CARE,2018-08-11 20:54
B00CA6KXK,FR,Sun Gel Dishwasher All In 1 Lemon 90 Washes (Lot 2x45 Washes),14,EUR 14.70,DISH CARE,2018-08-11 20:54
B0714KXZZ,FR,Finish Quantum Dishwasher tablets with glass protection & gloss. Lot of 8x18,15,EUR 31.17,DISH CARE,2018-08-11 20:54
B00NLD3XD,FR,Finish All in One Max Dishwashing Detergent Lemon 45 Tablets,16,EUR 8.90,DISH CARE,2018-08-11 20:54
B00763A5K,FR,Sun Professional Dishwasher Deodorizer Lemon Duo Pack - Sold by 2,17,EUR 8.16,DISH CARE,2018-08-11 20:54
B010X3G42,FR,Sun All In 1 Gel Dishwashing Extrafresh 45 Washes,18,EUR 6.39,DISH CARE,2018-08-11 20:54
B07BSRM75,FR,Finish All in One Max Detergent Dishwasher 5x30-150 tablets,19,EUR 32.45,DISH CARE,2018-08-11 20:54
B01CU8D0Y,FR,Sun Gel Dishwasher All In One Expert Extra Power 56 Washes (2x28 Washes Set),20,EUR 13.96,DISH CARE,2018-08-11 20:54
B075JJX5L,FR,Finishing Machine Caring Aid Cleaner Tablets Dishwasher 3 Pack (3 x 3 Pack),21,EUR 12.06,DISH CARE,2018-08-11 20:54
B014170TF,FR,Claro All In One Eco Friendly Tablets for Dishwashers Phosphate Free 70 Piece Economic Package,22,EUR 17.95,DISH CARE,2018-08-11 20:54
B00763A1R,FR,Sun Tablets Dishwasher All In 1 Lemon 45 Washes,23,EUR 11.90,DISH CARE,2018-08-11 20:54
B01CU8086,FR,Sun Dishwashing Washing Powder Classic 1235kg 38 Washes - Set of 2,24,EUR 10.52,DISH CARE,2018-08-11 20:54
B008MT04D,FR,Sun Expert Dishwasher Cleaner 3 Doses,25,EUR 14.80,DISH CARE,2018-08-11 20:54
B072MVH8S,FR,Finish All in One Max Dishwashing Detergent Special Inlaid Fats 45 Tablets,26,EUR 8.42,DISH CARE,2018-08-11 20:54
B00823938,FR,Ecover - Dishwasher tablets XL - 14 kg - 70 tablets,27,EUR 14.70,DISH CARE,2018-08-11 20:54
B01KVL0MR,FR,Sun Classic Rinse Liquid for Dishwashing Triple Action 500ml,28,EUR 3.19,DISH CARE,2018-08-11 20:54
B078FBC4B,FR,SUN All-in-1 Standard Dishwasher Tablets 90 Tablets + 6 Months Wash - Set of 2,29,EUR 30.26,DISH CARE,2018-08-11 20:54
B01MYNK7R,FR,Finish Gel All in One Max Lemon Dishwashing Detergent 1 L,30,EUR 6.80,DISH CARE,2018-08-11 20:54
B07B4WLKT,FR,SUN Dishwasher Tablets All In One Standard 26 Washes - Set of 3,31,EUR 15.72,DISH CARE,2018-08-11 20:54
B00UAFA4L,FR,Finish Set of 3 bottles of rinse aid for dishwashers 3 x 1.15 l,32,EUR 20.50,DISH CARE,2018-08-11 20:54
B01LW44F3,FR,Finish Powerball Quantum Doypack Dishwasher 32 Pastilles,33,EUR 7.32,DISH CARE,2018-08-11 20:54
B007A0LQV,FR,The Green Tree - Dishwasher Tablets while 1-30 Doses,34,EUR 29.90,DISH CARE,2018-08-11 20:54
B07CBLSGL,FR,Sun Dishwasher Tablets All In One Standard 156 Washes (Set of 3x52 Washes),35,EUR 34.80,DISH CARE,2018-08-11 20:54
B01CU8073,FR,Sun Classic Dishwashing Washing Powder 190 Washes (Set of 2x85 Washes),36,EUR 15.98,DISH CARE,2018-08-11 20:54
B004L18ZX,FR,Sun Dishwasher Shelves All In 1 Standard 45 Washes,37,EUR 14.35,DISH CARE,2018-08-11 20:54
B07BZC8B3,FR,Sun Classic Dishwashing Tablets Standard 180 Washes (Set of 3x60 Washes),38,EUR 29.10,DISH CARE,2018-08-11 20:54
B01K1P3NX,FR,Finish All in One Dishwashing Dishwashing Machine - 45 Tablets - Set of 3,39,EUR 58.00,DISH CARE,2018-08-11 20:54
B01KVKRRE,FR,Finish Biphasic Dishwasher Cleaner 250ml,40,EUR 3.30,DISH CARE,2018-08-11 20:54
B01KVKROR,FR,Finish Limescale Dishwasher Protector,41,EUR 3.85,DISH CARE,2018-08-11 20:54
B01LW6DZ5,FR,Sun Expert Expert Dishwashing Cleaner 3 Doses,42,EUR 3.74,DISH CARE,2018-08-11 20:54
B00763A2D,FR,Sun Dishwasher Tablets All In 1 Standard 87 Washes,43,EUR 34.50,DISH CARE,2018-08-11 20:54
B007JV7ZU,FR,Dishwasher anti-limescale disc,44,EUR 12.00,DISH CARE,2018-08-11 20:54
B06X9P137,FR,Sun Classic Tablets Dishwasher Standard 60 Washes,45,EUR 7.30,DISH CARE,2018-08-11 20:54
B00GUEV61,FR,Finish Quantum Dishwasher Pods,46,EUR 14.15,DISH CARE,2018-08-11 20:54
B01C6ZHB9,FR,Sanytol Dishwasher Disinfecting Tablet 24 Tablets - Set of 3,47,EUR 30.46,DISH CARE,2018-08-11 20:54
B074MF8B2,FR,Sun Tablets Dishwasher Classic 40 Pastilles,48,EUR 4.91,DISH CARE,2018-08-11 20:54
B010X3EGS,FR,Sun Classic Dishwashing Tablets Lemon 80 Washes (Set of 2x40 Washes),49,EUR 21.74,DISH CARE,2018-08-11 20:54
B076V9ZXG,FR,Rainett Dishwasher All In One Ecological 50 Tablets - Set of 2,50,EUR 39.99,DISH CARE,2018-08-11 20:54
